decoder,group,test_case,index,path,speed_wpm,speed_cell,s500_db,s500_cell,en0_db,edits,symbols,detected,beyond_oracle_anchor
matched,A2 sensitivity,A2-awgn-c01-0-s1,0,oracle,9.52,1,-5.48,2,12.52,99,99,1,0
matched,A2 sensitivity,A2-awgn-c01-0-s1,1,oracle,8.54,1,0.75,5,19.22,13,99,1,0
matched,A2 sensitivity,A2-awgn-c01-0-s1,2,oracle,8.64,1,-2.22,3,16.20,138,101,1,0
matched,A2 sensitivity,A2-awgn-c01-0-s1,3,oracle,9.33,1,1.44,5,19.52,3,98,1,0
matched,A2 sensitivity,A2-awgn-c01-0-s1,4,oracle,8.04,1,-2.05,3,16.68,55,99,1,0
matched,A2 sensitivity,A2-awgn-c01-0-s1,5,oracle,8.72,1,-7.80,1,10.58,100,100,1,0
matched,A2 sensitivity,A2-awgn-c01-0-s1,6,oracle,8.12,1,-0.86,4,17.83,4,102,1,0
matched,A2 sensitivity,A2-awgn-c01-0-s1,7,oracle,9.10,1,0.14,5,18.33,26,101,1,0
matched,A2 sensitivity,A2-awgn-c01-0-s1,8,oracle,9.51,1,5.22,7,23.22,3,102,1,0
matched,A2 sensitivity,A2-awgn-c01-0-s1,9,oracle,8.50,1,-4.78,2,13.71,101,101,1,0
matched,A2 sensitivity,A2-awgn-c01-0-s1,10,oracle,8.50,1,4.34,7,22.83,9,99,1,0
matched,A2 sensitivity,A2-awgn-c01-0-s1,11,oracle,9.39,1,-0.38,4,17.67,3,102,1,0
matched,A2 sensitivity,A2-awgn-c01-0-s1,12,oracle,9.87,1,-6.06,1,11.78,101,101,1,0
matched,A2 sensitivity,A2-awgn-c01-0-s1,13,oracle,9.82,1,-5.55,2,12.31,100,100,1,0
matched,A2 sensitivity,A2-awgn-c01-0-s1,14,oracle,8.42,1,3.24,6,21.77,11,98,1,0
matched,A2 sensitivity,A2-awgn-c01-0-s1,15,oracle,9.69,1,-5.84,2,12.08,100,100,1,0
matched,A2 sensitivity,A2-awgn-c01-0-s1,16,oracle,9.06,1,1.87,5,20.08,4,99,1,0
matched,A2 sensitivity,A2-awgn-c01-0-s1,17,oracle,8.31,1,2.31,6,20.90,3,99,1,0
matched,A2 sensitivity,A2-awgn-c01-0-s1,18,oracle,8.03,1,-7.35,1,11.38,98,98,1,0
matched,A2 sensitivity,A2-awgn-c01-0-s1,19,oracle,9.14,1,-7.51,1,10.66,102,102,1,0
matched,A2 sensitivity,A2-awgn-c01-0-s1,20,oracle,8.77,1,5.37,7,23.72,12,103,1,0
matched,A2 sensitivity,A2-awgn-c01-0-s1,21,oracle,8.36,1,-0.86,4,17.70,19,99,1,0
matched,A2 sensitivity,A2-awgn-c01-0-s1,22,oracle,9.78,1,-1.46,4,16.42,23,98,1,0
matched,A2 sensitivity,A2-awgn-c01-0-s1,23,oracle,9.60,1,3.41,6,21.37,2,97,1,0
matched,A2 sensitivity,A2-awgn-c01-0-s1,24,oracle,9.77,1,3.30,6,21.18,3,99,1,0
matched,A2 sensitivity,A2-awgn-c01-0-s1,25,oracle,8.12,1,-2.23,3,16.46,5,100,1,0
matched,A2 sensitivity,A2-awgn-c01-0-s1,26,oracle,8.83,1,4.63,7,22.95,9,98,1,0
matched,A2 sensitivity,A2-awgn-c01-0-s1,27,oracle,9.24,1,-2.59,3,15.53,39,101,1,0
matched,A2 sensitivity,A2-awgn-c01-1-s1,0,oracle,8.05,1,11.20,10,29.92,3,100,1,0
matched,A2 sensitivity,A2-awgn-c01-1-s1,1,oracle,8.12,1,6.14,8,24.83,2,102,1,0
matched,A2 sensitivity,A2-awgn-c01-1-s1,2,oracle,8.62,1,11.99,10,30.42,3,102,1,0
matched,A2 sensitivity,A2-awgn-c01-1-s1,3,oracle,8.03,1,18.46,14,37.19,7,97,1,0
matched,A2 sensitivity,A2-awgn-c01-1-s1,4,oracle,8.08,1,18.99,14,37.70,3,99,1,0
matched,A2 sensitivity,A2-awgn-c01-1-s1,5,oracle,8.56,1,10.74,10,29.20,3,100,1,0
matched,A2 sensitivity,A2-awgn-c01-1-s1,6,oracle,8.18,1,17.39,13,36.04,3,102,1,0
matched,A2 sensitivity,A2-awgn-c01-1-s1,7,oracle,8.93,1,12.81,11,31.08,10,102,1,0
matched,A2 sensitivity,A2-awgn-c01-1-s1,8,oracle,8.87,1,15.62,12,33.92,4,99,1,0
matched,A2 sensitivity,A2-awgn-c01-1-s1,9,oracle,8.87,1,9.63,9,27.93,3,104,1,0
matched,A2 sensitivity,A2-awgn-c01-1-s1,10,oracle,9.89,1,19.08,14,36.91,3,101,1,0
matched,A2 sensitivity,A2-awgn-c01-1-s1,11,oracle,10.05,1,6.73,8,24.49,3,100,1,0
matched,A2 sensitivity,A2-awgn-c01-1-s1,12,oracle,8.40,1,8.66,9,27.20,3,100,1,0
matched,A2 sensitivity,A2-awgn-c01-1-s1,13,oracle,9.32,1,17.37,13,35.46,3,98,1,0
matched,A2 sensitivity,A2-awgn-c01-1-s1,14,oracle,9.31,1,18.39,14,36.48,3,99,1,0
matched,A2 sensitivity,A2-awgn-c01-1-s1,15,oracle,8.73,1,12.30,11,30.67,3,98,1,0
matched,A2 sensitivity,A2-awgn-c01-1-s1,16,oracle,8.61,1,6.12,8,24.55,3,99,1,0
matched,A2 sensitivity,A2-awgn-c01-1-s1,17,oracle,9.03,1,15.26,12,33.48,3,102,1,0
matched,A2 sensitivity,A2-awgn-c01-1-s1,18,oracle,8.59,1,15.80,12,34.24,3,100,1,0
matched,A2 sensitivity,A2-awgn-c01-1-s1,19,oracle,10.06,1,12.28,11,30.04,7,100,1,0
matched,A2 sensitivity,A2-awgn-c01-1-s1,20,oracle,8.08,1,16.51,13,35.22,3,100,1,0
matched,A2 sensitivity,A2-awgn-c01-1-s1,21,oracle,8.76,1,8.66,9,27.02,3,100,1,0
matched,A2 sensitivity,A2-awgn-c01-1-s1,22,oracle,8.22,1,7.76,8,26.39,5,99,1,0
matched,A2 sensitivity,A2-awgn-c01-1-s1,23,oracle,8.19,1,11.00,10,29.65,3,99,1,0
matched,A2 sensitivity,A2-awgn-c01-1-s1,24,oracle,9.50,1,17.13,13,35.13,3,99,1,0
matched,A2 sensitivity,A2-awgn-c01-1-s1,25,oracle,9.36,1,9.11,9,27.18,3,99,1,0
matched,A2 sensitivity,A2-awgn-c01-1-s1,26,oracle,9.68,1,12.65,11,30.57,3,99,1,0
matched,A2 sensitivity,A2-awgn-c01-1-s1,27,oracle,8.39,1,14.29,12,32.83,3,99,1,0
matched,A2 sensitivity,A2-awgn-c02-0-s1,0,oracle,11.79,2,-4.94,2,12.13,101,101,1,0
matched,A2 sensitivity,A2-awgn-c02-0-s1,1,oracle,11.56,2,1.67,5,18.82,2,102,1,0
matched,A2 sensitivity,A2-awgn-c02-0-s1,2,oracle,11.39,2,2.67,6,19.89,4,96,1,0
matched,A2 sensitivity,A2-awgn-c02-0-s1,3,oracle,12.25,2,-3.99,3,12.91,98,98,1,0
matched,A2 sensitivity,A2-awgn-c02-0-s1,4,oracle,11.44,2,-1.32,4,15.88,22,101,1,0
matched,A2 sensitivity,A2-awgn-c02-0-s1,5,oracle,10.79,2,5.51,7,22.96,5,99,1,0
matched,A2 sensitivity,A2-awgn-c02-0-s1,6,oracle,10.92,2,-4.43,2,12.97,100,100,1,0
matched,A2 sensitivity,A2-awgn-c02-0-s1,7,oracle,12.40,2,-4.06,2,12.79,94,102,1,0
matched,A2 sensitivity,A2-awgn-c02-0-s1,8,oracle,10.16,2,-6.78,1,10.93,99,99,1,0
matched,A2 sensitivity,A2-awgn-c02-0-s1,9,oracle,10.78,2,2.87,6,20.33,4,102,1,0
matched,A2 sensitivity,A2-awgn-c02-0-s1,10,oracle,12.56,2,-0.87,4,15.92,11,100,1,0
matched,A2 sensitivity,A2-awgn-c02-0-s1,11,oracle,11.53,2,-2.63,3,14.53,22,101,1,0
matched,A2 sensitivity,A2-awgn-c02-0-s1,12,oracle,11.75,2,0.99,5,18.07,2,100,1,0
matched,A2 sensitivity,A2-awgn-c02-0-s1,13,oracle,11.21,2,1.39,5,18.68,4,99,1,0
matched,A2 sensitivity,A2-awgn-c02-0-s1,14,oracle,10.38,2,-0.16,4,17.46,3,98,1,0
matched,A2 sensitivity,A2-awgn-c02-0-s1,15,oracle,12.43,2,3.89,6,20.73,4,100,1,0
matched,A2 sensitivity,A2-awgn-c02-0-s1,16,oracle,12.08,2,4.12,7,21.08,4,100,1,0
matched,A2 sensitivity,A2-awgn-c02-0-s1,17,oracle,12.50,2,-6.98,1,9.83,100,100,1,0
matched,A2 sensitivity,A2-awgn-c02-0-s1,18,oracle,10.87,2,-2.93,3,14.49,93,96,1,0
matched,A2 sensitivity,A2-awgn-c02-0-s1,19,oracle,12.16,2,1.96,5,18.89,2,100,1,0
matched,A2 sensitivity,A2-awgn-c02-0-s1,20,oracle,11.00,2,4.39,7,21.76,9,103,1,0
matched,A2 sensitivity,A2-awgn-c02-0-s1,21,oracle,11.29,2,5.53,7,22.78,6,98,1,0
matched,A2 sensitivity,A2-awgn-c02-0-s1,22,oracle,12.54,2,-2.44,3,14.36,43,98,1,0
matched,A2 sensitivity,A2-awgn-c02-0-s1,23,oracle,12.62,2,-5.67,2,11.10,97,97,1,0
matched,A2 sensitivity,A2-awgn-c02-0-s1,24,oracle,11.42,2,2.70,6,19.90,3,98,1,0
matched,A2 sensitivity,A2-awgn-c02-0-s1,25,oracle,10.89,2,-7.71,1,9.70,101,101,1,0
matched,A2 sensitivity,A2-awgn-c02-0-s1,26,oracle,11.18,2,-0.80,4,16.50,2,98,1,0
matched,A2 sensitivity,A2-awgn-c02-0-s1,27,oracle,11.33,2,-7.25,1,9.99,100,100,1,0
matched,A2 sensitivity,A2-awgn-c02-1-s1,0,oracle,11.22,2,6.46,8,23.74,3,102,1,0
matched,A2 sensitivity,A2-awgn-c02-1-s1,1,oracle,10.09,2,13.45,11,31.19,3,99,1,0
matched,A2 sensitivity,A2-awgn-c02-1-s1,2,oracle,11.08,2,19.30,14,36.64,4,98,1,0
matched,A2 sensitivity,A2-awgn-c02-1-s1,3,oracle,10.51,2,11.65,10,29.22,3,99,1,0
matched,A2 sensitivity,A2-awgn-c02-1-s1,4,oracle,11.20,2,12.79,11,30.08,4,98,1,0
matched,A2 sensitivity,A2-awgn-c02-1-s1,5,oracle,11.31,2,17.58,13,34.83,3,100,1,0
matched,A2 sensitivity,A2-awgn-c02-1-s1,6,oracle,11.57,2,8.21,9,25.36,3,98,1,0
matched,A2 sensitivity,A2-awgn-c02-1-s1,7,oracle,11.05,2,15.08,12,32.43,7,99,1,0
matched,A2 sensitivity,A2-awgn-c02-1-s1,8,oracle,12.65,2,12.92,11,29.68,3,102,1,0
matched,A2 sensitivity,A2-awgn-c02-1-s1,9,oracle,11.99,2,17.40,13,34.39,1,101,1,0
matched,A2 sensitivity,A2-awgn-c02-1-s1,10,oracle,11.17,2,9.83,9,27.13,3,101,1,0
matched,A2 sensitivity,A2-awgn-c02-1-s1,11,oracle,10.31,2,12.03,11,29.68,6,97,1,0
matched,A2 sensitivity,A2-awgn-c02-1-s1,12,oracle,12.13,2,15.82,12,32.76,2,100,1,0
matched,A2 sensitivity,A2-awgn-c02-1-s1,13,oracle,11.32,2,8.73,9,25.97,3,99,1,0
matched,A2 sensitivity,A2-awgn-c02-1-s1,14,oracle,10.93,2,6.01,8,23.41,3,99,1,0
matched,A2 sensitivity,A2-awgn-c02-1-s1,15,oracle,10.75,2,6.60,8,24.07,4,99,1,0
matched,A2 sensitivity,A2-awgn-c02-1-s1,16,oracle,11.08,2,10.70,10,28.04,3,99,1,0
matched,A2 sensitivity,A2-awgn-c02-1-s1,17,oracle,10.41,2,17.73,13,35.34,3,100,1,0
matched,A2 sensitivity,A2-awgn-c02-1-s1,18,oracle,12.66,2,18.34,14,35.10,2,99,1,0
matched,A2 sensitivity,A2-awgn-c02-1-s1,19,oracle,11.32,2,14.83,12,32.07,3,97,1,0
matched,A2 sensitivity,A2-awgn-c02-1-s1,20,oracle,10.75,2,11.91,10,29.38,5,99,1,0
matched,A2 sensitivity,A2-awgn-c02-1-s1,21,oracle,12.66,2,15.40,12,32.16,2,100,1,0
matched,A2 sensitivity,A2-awgn-c02-1-s1,22,oracle,10.71,2,18.80,14,36.28,11,102,1,0
matched,A2 sensitivity,A2-awgn-c02-1-s1,23,oracle,12.00,2,11.38,10,28.37,6,100,1,0
matched,A2 sensitivity,A2-awgn-c02-1-s1,24,oracle,11.67,2,8.15,9,25.26,6,101,1,0
matched,A2 sensitivity,A2-awgn-c02-1-s1,25,oracle,11.89,2,6.28,8,23.31,3,99,1,0
matched,A2 sensitivity,A2-awgn-c02-1-s1,26,oracle,11.60,2,17.56,13,34.70,4,99,1,0
matched,A2 sensitivity,A2-awgn-c02-1-s1,27,oracle,12.64,2,19.95,14,36.71,1,100,1,0
matched,A2 sensitivity,A2-awgn-c03-0-s1,0,oracle,13.78,3,-6.07,1,10.32,100,100,1,0
matched,A2 sensitivity,A2-awgn-c03-0-s1,1,oracle,14.63,3,4.50,7,20.63,1,99,1,0
matched,A2 sensitivity,A2-awgn-c03-0-s1,2,oracle,12.82,3,4.32,7,21.02,5,97,1,0
matched,A2 sensitivity,A2-awgn-c03-0-s1,3,oracle,15.02,3,1.23,5,17.24,0,102,1,0
matched,A2 sensitivity,A2-awgn-c03-0-s1,4,oracle,12.72,3,-7.64,1,9.10,99,99,1,0
matched,A2 sensitivity,A2-awgn-c03-0-s1,5,oracle,14.81,3,-1.40,4,14.68,49,101,1,0
matched,A2 sensitivity,A2-awgn-c03-0-s1,6,oracle,14.85,3,1.08,5,17.14,7,101,1,0
matched,A2 sensitivity,A2-awgn-c03-0-s1,7,oracle,15.83,3,-4.01,2,11.78,100,100,1,0
matched,A2 sensitivity,A2-awgn-c03-0-s1,8,oracle,14.45,3,5.47,7,21.65,1,98,1,0
matched,A2 sensitivity,A2-awgn-c03-0-s1,9,oracle,14.69,3,2.98,6,19.09,0,101,1,0
matched,A2 sensitivity,A2-awgn-c03-0-s1,10,oracle,13.50,3,-6.88,1,9.60,103,103,1,0
matched,A2 sensitivity,A2-awgn-c03-0-s1,11,oracle,14.78,3,2.67,6,18.75,1,102,1,0
matched,A2 sensitivity,A2-awgn-c03-0-s1,12,oracle,13.21,3,0.68,5,17.25,12,98,1,0
matched,A2 sensitivity,A2-awgn-c03-0-s1,13,oracle,15.51,3,-4.67,2,11.21,101,101,1,0
matched,A2 sensitivity,A2-awgn-c03-0-s1,14,oracle,15.19,3,4.67,7,20.64,0,100,1,0
matched,A2 sensitivity,A2-awgn-c03-0-s1,15,oracle,14.17,3,-2.55,3,13.72,20,96,1,0
matched,A2 sensitivity,A2-awgn-c03-0-s1,16,oracle,15.00,3,-0.15,4,15.87,2,100,1,0
matched,A2 sensitivity,A2-awgn-c03-0-s1,17,oracle,15.27,3,-3.98,3,11.96,97,97,1,0
matched,A2 sensitivity,A2-awgn-c03-0-s1,18,oracle,15.07,3,2.46,6,18.46,1,100,1,0
matched,A2 sensitivity,A2-awgn-c03-0-s1,19,oracle,13.05,3,-1.90,4,14.73,86,98,1,0
matched,A2 sensitivity,A2-awgn-c03-0-s1,20,oracle,15.34,3,-5.98,2,9.94,100,100,1,0
matched,A2 sensitivity,A2-awgn-c03-0-s1,21,oracle,12.89,3,1.70,5,18.38,2,102,1,0
matched,A2 sensitivity,A2-awgn-c03-0-s1,22,oracle,15.30,3,-2.72,3,13.21,35,101,1,0
matched,A2 sensitivity,A2-awgn-c03-0-s1,23,oracle,15.10,3,-4.92,2,11.07,97,97,1,0
matched,A2 sensitivity,A2-awgn-c03-0-s1,24,oracle,15.83,3,-2.33,3,13.46,80,99,1,0
matched,A2 sensitivity,A2-awgn-c03-0-s1,25,oracle,13.22,3,3.19,6,19.76,2,98,1,0
matched,A2 sensitivity,A2-awgn-c03-0-s1,26,oracle,15.22,3,-0.23,4,15.73,2,100,1,0
matched,A2 sensitivity,A2-awgn-c03-0-s1,27,oracle,15.55,3,-6.26,1,9.60,100,100,1,0
matched,A2 sensitivity,A2-awgn-c03-1-s1,0,oracle,13.34,3,17.82,13,34.35,0,98,1,0
matched,A2 sensitivity,A2-awgn-c03-1-s1,1,oracle,13.23,3,13.00,11,29.57,1,100,1,0
matched,A2 sensitivity,A2-awgn-c03-1-s1,2,oracle,14.55,3,8.02,9,24.17,2,101,1,0
matched,A2 sensitivity,A2-awgn-c03-1-s1,3,oracle,15.39,3,11.10,10,27.01,0,101,1,0
matched,A2 sensitivity,A2-awgn-c03-1-s1,4,oracle,15.72,3,6.38,8,22.20,0,101,1,0
matched,A2 sensitivity,A2-awgn-c03-1-s1,5,oracle,14.24,3,17.84,13,34.09,0,100,1,0
matched,A2 sensitivity,A2-awgn-c03-1-s1,6,oracle,13.00,3,9.38,9,26.02,3,96,1,0
matched,A2 sensitivity,A2-awgn-c03-1-s1,7,oracle,13.06,3,13.93,11,30.55,0,99,1,0
matched,A2 sensitivity,A2-awgn-c03-1-s1,8,oracle,15.41,3,18.02,14,33.92,0,99,1,0
matched,A2 sensitivity,A2-awgn-c03-1-s1,9,oracle,14.70,3,7.32,8,23.43,0,100,1,0
matched,A2 sensitivity,A2-awgn-c03-1-s1,10,oracle,12.75,3,16.72,13,33.45,1,98,1,0
matched,A2 sensitivity,A2-awgn-c03-1-s1,11,oracle,12.93,3,15.95,12,32.62,0,100,1,0
matched,A2 sensitivity,A2-awgn-c03-1-s1,12,oracle,12.69,3,18.27,14,35.02,1,99,1,0
matched,A2 sensitivity,A2-awgn-c03-1-s1,13,oracle,13.59,3,15.09,12,31.54,1,99,1,0
matched,A2 sensitivity,A2-awgn-c03-1-s1,14,oracle,15.07,3,10.71,10,26.71,0,101,1,0
matched,A2 sensitivity,A2-awgn-c03-1-s1,15,oracle,15.65,3,19.21,14,35.05,0,101,1,0
matched,A2 sensitivity,A2-awgn-c03-1-s1,16,oracle,13.40,3,7.63,8,24.14,0,101,1,0
matched,A2 sensitivity,A2-awgn-c03-1-s1,17,oracle,13.53,3,6.30,8,22.77,1,101,1,0
matched,A2 sensitivity,A2-awgn-c03-1-s1,18,oracle,13.96,3,17.44,13,33.77,0,98,1,0
matched,A2 sensitivity,A2-awgn-c03-1-s1,19,oracle,13.99,3,10.86,10,27.18,0,99,1,0
matched,A2 sensitivity,A2-awgn-c03-1-s1,20,oracle,14.98,3,14.95,12,30.98,0,99,1,0
matched,A2 sensitivity,A2-awgn-c03-1-s1,21,oracle,12.95,3,9.21,9,25.87,1,104,1,0
matched,A2 sensitivity,A2-awgn-c03-1-s1,22,oracle,12.93,3,10.46,10,27.13,0,99,1,0
matched,A2 sensitivity,A2-awgn-c03-1-s1,23,oracle,15.35,3,13.65,11,29.57,0,102,1,0
matched,A2 sensitivity,A2-awgn-c03-1-s1,24,oracle,13.95,3,18.89,14,35.23,0,99,1,0
matched,A2 sensitivity,A2-awgn-c03-1-s1,25,oracle,12.88,3,15.02,12,31.70,3,101,1,0
matched,A2 sensitivity,A2-awgn-c03-1-s1,26,oracle,15.46,3,9.27,9,25.16,0,98,1,0
matched,A2 sensitivity,A2-awgn-c03-1-s1,27,oracle,15.47,3,13.56,11,29.45,0,99,1,0
matched,A2 sensitivity,A2-awgn-c04-0-s1,0,oracle,16.99,4,-0.44,4,15.04,25,99,1,0
matched,A2 sensitivity,A2-awgn-c04-0-s1,1,oracle,16.40,4,5.79,7,21.42,0,99,1,0
matched,A2 sensitivity,A2-awgn-c04-0-s1,2,oracle,18.09,4,0.88,5,16.09,50,101,1,0
matched,A2 sensitivity,A2-awgn-c04-0-s1,3,oracle,18.97,4,-4.16,2,10.84,99,99,1,0
matched,A2 sensitivity,A2-awgn-c04-0-s1,4,oracle,17.45,4,1.34,5,16.70,1,99,1,0
matched,A2 sensitivity,A2-awgn-c04-0-s1,5,oracle,17.20,4,-7.50,1,7.93,98,98,1,0
matched,A2 sensitivity,A2-awgn-c04-0-s1,6,oracle,16.93,4,-2.54,3,12.95,74,102,1,0
matched,A2 sensitivity,A2-awgn-c04-0-s1,7,oracle,19.14,4,3.70,6,18.66,2,101,1,0
matched,A2 sensitivity,A2-awgn-c04-0-s1,8,oracle,17.35,4,5.01,7,20.40,1,100,1,0
matched,A2 sensitivity,A2-awgn-c04-0-s1,9,oracle,16.85,4,-3.81,3,11.71,80,100,1,0
matched,A2 sensitivity,A2-awgn-c04-0-s1,10,oracle,18.79,4,5.37,7,20.41,1,99,1,0
matched,A2 sensitivity,A2-awgn-c04-0-s1,11,oracle,17.02,4,-0.43,4,15.04,1,101,1,0
matched,A2 sensitivity,A2-awgn-c04-0-s1,12,oracle,18.28,4,-6.31,1,8.85,94,100,1,0
matched,A2 sensitivity,A2-awgn-c04-0-s1,13,oracle,19.31,4,-4.42,2,10.50,98,98,1,0
matched,A2 sensitivity,A2-awgn-c04-0-s1,14,oracle,16.24,4,1.51,5,17.19,2,99,1,0
matched,A2 sensitivity,A2-awgn-c04-0-s1,15,oracle,19.03,4,-1.79,4,13.20,60,99,1,0
matched,A2 sensitivity,A2-awgn-c04-0-s1,16,oracle,18.74,4,4.11,7,19.16,1,100,1,0
matched,A2 sensitivity,A2-awgn-c04-0-s1,17,oracle,16.17,4,-3.83,3,11.86,73,101,1,0
matched,A2 sensitivity,A2-awgn-c04-0-s1,18,oracle,16.92,4,2.38,6,17.88,0,98,1,0
matched,A2 sensitivity,A2-awgn-c04-0-s1,19,oracle,17.53,4,0.97,5,16.31,1,100,1,0
matched,A2 sensitivity,A2-awgn-c04-0-s1,20,oracle,18.60,4,3.30,6,18.39,7,97,1,0
matched,A2 sensitivity,A2-awgn-c04-0-s1,21,oracle,19.72,4,3.91,6,18.74,1,100,1,0
matched,A2 sensitivity,A2-awgn-c04-0-s1,22,oracle,17.12,4,-1.69,4,13.76,38,100,1,0
matched,A2 sensitivity,A2-awgn-c04-0-s1,23,oracle,16.71,4,-7.90,1,7.65,97,97,1,0
matched,A2 sensitivity,A2-awgn-c04-0-s1,24,oracle,18.66,4,-5.81,2,9.26,101,101,1,0
matched,A2 sensitivity,A2-awgn-c04-0-s1,25,oracle,19.08,4,-7.37,1,7.61,100,100,1,0
matched,A2 sensitivity,A2-awgn-c04-0-s1,26,oracle,17.89,4,-2.42,3,12.84,67,99,1,0
matched,A2 sensitivity,A2-awgn-c04-0-s1,27,oracle,19.80,4,-4.61,2,10.20,99,99,1,0
matched,A2 sensitivity,A2-awgn-c04-1-s1,0,oracle,18.32,4,18.71,14,33.86,0,101,1,0
matched,A2 sensitivity,A2-awgn-c04-1-s1,1,oracle,18.40,4,19.74,14,34.87,0,101,1,0
matched,A2 sensitivity,A2-awgn-c04-1-s1,2,oracle,17.30,4,7.01,8,22.41,0,100,1,0
matched,A2 sensitivity,A2-awgn-c04-1-s1,3,oracle,20.00,4,16.23,13,31.00,0,99,1,0
matched,A2 sensitivity,A2-awgn-c04-1-s1,4,oracle,19.43,4,16.87,13,31.77,0,99,1,0
matched,A2 sensitivity,A2-awgn-c04-1-s1,5,oracle,18.87,4,11.78,10,26.80,0,101,1,0
matched,A2 sensitivity,A2-awgn-c04-1-s1,6,oracle,17.37,4,20.00,14,35.38,0,98,1,0
matched,A2 sensitivity,A2-awgn-c04-1-s1,7,oracle,16.05,4,6.33,8,22.06,0,99,1,0
matched,A2 sensitivity,A2-awgn-c04-1-s1,8,oracle,17.56,4,17.97,13,33.31,0,98,1,0
matched,A2 sensitivity,A2-awgn-c04-1-s1,9,oracle,17.46,4,9.70,9,25.06,0,101,1,0
matched,A2 sensitivity,A2-awgn-c04-1-s1,10,oracle,19.87,4,13.66,11,28.46,0,102,1,0
matched,A2 sensitivity,A2-awgn-c04-1-s1,11,oracle,18.17,4,13.60,11,28.79,0,98,1,0
matched,A2 sensitivity,A2-awgn-c04-1-s1,12,oracle,16.19,4,11.05,10,26.74,0,99,1,0
matched,A2 sensitivity,A2-awgn-c04-1-s1,13,oracle,20.07,4,9.23,9,23.99,0,99,1,0
matched,A2 sensitivity,A2-awgn-c04-1-s1,14,oracle,16.86,4,18.58,14,34.09,0,98,1,0
matched,A2 sensitivity,A2-awgn-c04-1-s1,15,oracle,16.91,4,11.69,10,27.19,0,101,1,0
matched,A2 sensitivity,A2-awgn-c04-1-s1,16,oracle,16.71,4,13.77,11,29.32,0,98,1,0
matched,A2 sensitivity,A2-awgn-c04-1-s1,17,oracle,16.92,4,15.82,12,31.32,0,98,1,0
matched,A2 sensitivity,A2-awgn-c04-1-s1,18,oracle,18.44,4,7.97,8,23.09,2,100,1,0
matched,A2 sensitivity,A2-awgn-c04-1-s1,19,oracle,19.92,4,14.83,12,29.62,0,100,1,0
matched,A2 sensitivity,A2-awgn-c04-1-s1,20,oracle,19.96,4,10.37,10,25.15,0,98,1,0
matched,A2 sensitivity,A2-awgn-c04-1-s1,21,oracle,16.87,4,7.68,8,23.19,0,99,1,0
matched,A2 sensitivity,A2-awgn-c04-1-s1,22,oracle,17.65,4,17.36,13,32.67,0,100,1,0
matched,A2 sensitivity,A2-awgn-c04-1-s1,23,oracle,20.08,4,15.22,12,29.97,0,98,1,0
matched,A2 sensitivity,A2-awgn-c04-1-s1,24,oracle,20.09,4,12.93,11,27.68,0,98,1,0
matched,A2 sensitivity,A2-awgn-c04-1-s1,25,oracle,17.70,4,8.34,9,23.64,0,101,1,0
matched,A2 sensitivity,A2-awgn-c04-1-s1,26,oracle,18.47,4,15.69,12,30.81,0,101,1,0
matched,A2 sensitivity,A2-awgn-c04-1-s1,27,oracle,17.89,4,9.90,9,25.16,0,99,1,0
matched,A2 sensitivity,A2-awgn-c05-0-s1,0,oracle,21.21,5,-6.92,1,7.60,101,101,1,0
matched,A2 sensitivity,A2-awgn-c05-0-s1,1,oracle,21.73,5,4.15,7,18.56,1,101,1,0
matched,A2 sensitivity,A2-awgn-c05-0-s1,2,oracle,20.69,5,-2.75,3,11.87,47,97,1,0
matched,A2 sensitivity,A2-awgn-c05-0-s1,3,oracle,23.17,5,-1.44,4,12.69,166,97,1,0
matched,A2 sensitivity,A2-awgn-c05-0-s1,4,oracle,24.29,5,5.78,7,19.71,1,99,1,0
matched,A2 sensitivity,A2-awgn-c05-0-s1,5,oracle,25.09,5,0.36,5,14.15,4,99,1,0
matched,A2 sensitivity,A2-awgn-c05-0-s1,6,oracle,21.53,5,3.13,6,17.58,2,103,1,0
matched,A2 sensitivity,A2-awgn-c05-0-s1,7,oracle,24.00,5,-2.45,3,11.53,49,101,1,0
matched,A2 sensitivity,A2-awgn-c05-0-s1,8,oracle,21.05,5,-5.48,2,9.07,95,95,1,0
matched,A2 sensitivity,A2-awgn-c05-0-s1,9,oracle,20.71,5,0.73,5,15.35,16,100,1,0
matched,A2 sensitivity,A2-awgn-c05-0-s1,10,oracle,20.73,5,-0.33,4,14.29,15,101,1,0
matched,A2 sensitivity,A2-awgn-c05-0-s1,11,oracle,22.63,5,-3.74,3,10.49,100,100,1,0
matched,A2 sensitivity,A2-awgn-c05-0-s1,12,oracle,20.91,5,4.89,7,19.47,0,101,1,0
matched,A2 sensitivity,A2-awgn-c05-0-s1,13,oracle,22.06,5,-2.09,3,12.26,58,97,1,0
matched,A2 sensitivity,A2-awgn-c05-0-s1,14,oracle,23.98,5,-5.12,2,8.86,100,100,1,0
matched,A2 sensitivity,A2-awgn-c05-0-s1,15,oracle,21.15,5,-6.92,1,7.61,99,99,1,0
matched,A2 sensitivity,A2-awgn-c05-0-s1,16,oracle,21.61,5,2.27,6,16.70,1,99,1,0
matched,A2 sensitivity,A2-awgn-c05-0-s1,17,oracle,23.69,5,2.93,6,16.97,4,99,1,0
matched,A2 sensitivity,A2-awgn-c05-0-s1,18,oracle,21.57,5,-0.95,4,13.49,51,101,1,0
matched,A2 sensitivity,A2-awgn-c05-0-s1,19,oracle,21.47,5,-6.72,1,7.74,97,97,1,0
matched,A2 sensitivity,A2-awgn-c05-0-s1,20,oracle,21.66,5,-4.11,2,10.31,101,101,1,0
matched,A2 sensitivity,A2-awgn-c05-0-s1,21,oracle,20.50,5,-5.08,2,9.58,100,101,1,0
matched,A2 sensitivity,A2-awgn-c05-0-s1,22,oracle,22.56,5,-1.18,4,13.07,69,99,1,0
matched,A2 sensitivity,A2-awgn-c05-0-s1,23,oracle,24.55,5,-7.97,1,5.91,99,99,1,0
matched,A2 sensitivity,A2-awgn-c05-0-s1,24,oracle,22.73,5,1.51,5,15.73,1,98,1,0
matched,A2 sensitivity,A2-awgn-c05-0-s1,25,oracle,21.66,5,4.41,7,18.83,1,101,1,0
matched,A2 sensitivity,A2-awgn-c05-0-s1,26,oracle,20.51,5,1.22,5,15.88,2,99,1,0
matched,A2 sensitivity,A2-awgn-c05-0-s1,27,oracle,21.55,5,3.35,6,17.80,1,99,1,0
matched,A2 sensitivity,A2-awgn-c05-1-s1,0,oracle,20.29,5,14.81,12,29.52,0,98,1,0
matched,A2 sensitivity,A2-awgn-c05-1-s1,1,oracle,24.26,5,13.83,11,27.76,0,102,1,0
matched,A2 sensitivity,A2-awgn-c05-1-s1,2,oracle,22.08,5,17.40,13,31.74,0,100,1,0
matched,A2 sensitivity,A2-awgn-c05-1-s1,3,oracle,25.25,5,6.02,8,19.78,1,101,1,0
matched,A2 sensitivity,A2-awgn-c05-1-s1,4,oracle,23.16,5,12.11,11,26.24,0,98,1,0
matched,A2 sensitivity,A2-awgn-c05-1-s1,5,oracle,21.87,5,6.72,8,21.10,0,100,1,0
matched,A2 sensitivity,A2-awgn-c05-1-s1,6,oracle,23.66,5,17.42,13,31.46,0,98,1,0
matched,A2 sensitivity,A2-awgn-c05-1-s1,7,oracle,21.21,5,16.84,13,31.36,0,100,1,0
matched,A2 sensitivity,A2-awgn-c05-1-s1,8,oracle,23.19,5,11.31,10,25.44,2,101,1,0
matched,A2 sensitivity,A2-awgn-c05-1-s1,9,oracle,23.08,5,7.48,8,21.63,0,98,1,0
matched,A2 sensitivity,A2-awgn-c05-1-s1,10,oracle,24.16,5,8.37,9,22.32,1,102,1,0
matched,A2 sensitivity,A2-awgn-c05-1-s1,11,oracle,20.92,5,19.69,14,34.27,0,101,1,0
matched,A2 sensitivity,A2-awgn-c05-1-s1,12,oracle,24.34,5,12.71,11,26.63,0,98,1,0
matched,A2 sensitivity,A2-awgn-c05-1-s1,13,oracle,22.43,5,19.81,14,34.08,0,100,1,0
matched,A2 sensitivity,A2-awgn-c05-1-s1,14,oracle,21.44,5,15.07,12,29.54,0,99,1,0
matched,A2 sensitivity,A2-awgn-c05-1-s1,15,oracle,23.80,5,10.24,10,24.26,0,101,1,0
matched,A2 sensitivity,A2-awgn-c05-1-s1,16,oracle,23.96,5,12.50,11,26.49,0,100,1,0
matched,A2 sensitivity,A2-awgn-c05-1-s1,17,oracle,23.63,5,9.24,9,23.29,0,100,1,0
matched,A2 sensitivity,A2-awgn-c05-1-s1,18,oracle,24.20,5,8.95,9,22.89,0,95,1,0
matched,A2 sensitivity,A2-awgn-c05-1-s1,19,oracle,23.84,5,6.87,8,20.88,1,98,1,0
matched,A2 sensitivity,A2-awgn-c05-1-s1,20,oracle,23.60,5,19.45,14,33.50,0,101,1,0
matched,A2 sensitivity,A2-awgn-c05-1-s1,21,oracle,22.48,5,9.20,9,23.46,0,100,1,0
matched,A2 sensitivity,A2-awgn-c05-1-s1,22,oracle,21.64,5,14.24,12,28.67,0,99,1,0
matched,A2 sensitivity,A2-awgn-c05-1-s1,23,oracle,24.29,5,11.43,10,25.36,0,101,1,0
matched,A2 sensitivity,A2-awgn-c05-1-s1,24,oracle,21.35,5,18.27,14,32.76,0,100,1,0
matched,A2 sensitivity,A2-awgn-c05-1-s1,25,oracle,21.83,5,14.53,12,28.92,0,99,1,0
matched,A2 sensitivity,A2-awgn-c05-1-s1,26,oracle,24.44,5,17.22,13,31.12,0,102,1,0
matched,A2 sensitivity,A2-awgn-c05-1-s1,27,oracle,20.73,5,11.64,10,26.26,0,98,1,0
matched,A2 sensitivity,A2-awgn-c06-0-s1,0,oracle,25.93,6,-7.56,1,6.08,100,100,1,0
matched,A2 sensitivity,A2-awgn-c06-0-s1,1,oracle,25.82,6,4.87,7,18.53,7,99,1,0
matched,A2 sensitivity,A2-awgn-c06-0-s1,2,oracle,26.36,6,4.59,7,18.16,1,98,1,0
matched,A2 sensitivity,A2-awgn-c06-0-s1,3,oracle,28.15,6,5.24,7,18.53,1,97,1,0
matched,A2 sensitivity,A2-awgn-c06-0-s1,4,oracle,28.55,6,-3.46,3,9.77,98,98,1,0
matched,A2 sensitivity,A2-awgn-c06-0-s1,5,oracle,25.30,6,-4.96,2,8.79,100,100,1,0
matched,A2 sensitivity,A2-awgn-c06-0-s1,6,oracle,27.28,6,-5.97,2,7.45,98,98,1,0
matched,A2 sensitivity,A2-awgn-c06-0-s1,7,oracle,30.97,6,1.27,5,14.14,7,99,1,0
matched,A2 sensitivity,A2-awgn-c06-0-s1,8,oracle,27.66,6,1.86,5,15.22,1,99,1,0
matched,A2 sensitivity,A2-awgn-c06-0-s1,9,oracle,27.98,6,2.95,6,16.26,5,99,1,0
matched,A2 sensitivity,A2-awgn-c06-0-s1,10,oracle,28.55,6,3.64,6,16.87,2,99,1,0
matched,A2 sensitivity,A2-awgn-c06-0-s1,11,oracle,26.25,6,-4.04,2,9.55,99,101,1,0
matched,A2 sensitivity,A2-awgn-c06-0-s1,12,oracle,27.23,6,-6.48,1,6.95,99,100,1,0
matched,A2 sensitivity,A2-awgn-c06-0-s1,13,oracle,26.93,6,-1.75,4,11.73,87,100,1,0
matched,A2 sensitivity,A2-awgn-c06-0-s1,14,oracle,28.23,6,2.13,6,15.40,2,99,1,0
matched,A2 sensitivity,A2-awgn-c06-0-s1,15,oracle,27.76,6,4.96,7,18.31,1,99,1,0
matched,A2 sensitivity,A2-awgn-c06-0-s1,16,oracle,28.96,6,-3.08,3,10.08,94,99,1,0
matched,A2 sensitivity,A2-awgn-c06-0-s1,17,oracle,27.03,6,1.82,5,15.28,74,100,1,0
matched,A2 sensitivity,A2-awgn-c06-0-s1,18,oracle,30.41,6,-6.61,1,6.34,99,99,1,0
matched,A2 sensitivity,A2-awgn-c06-0-s1,19,oracle,30.24,6,-0.04,4,12.94,26,99,1,0
matched,A2 sensitivity,A2-awgn-c06-0-s1,20,oracle,28.15,6,-7.52,1,5.77,98,98,1,0
matched,A2 sensitivity,A2-awgn-c06-0-s1,21,oracle,28.78,6,-1.66,4,11.53,66,103,1,0
matched,A2 sensitivity,A2-awgn-c06-0-s1,22,oracle,29.33,6,-3.57,3,9.54,100,100,1,0
matched,A2 sensitivity,A2-awgn-c06-0-s1,23,oracle,28.48,6,0.62,5,13.86,9,99,1,0
matched,A2 sensitivity,A2-awgn-c06-0-s1,24,oracle,26.68,6,-3.95,3,9.57,103,103,1,0
matched,A2 sensitivity,A2-awgn-c06-0-s1,25,oracle,31.77,6,-5.29,2,7.47,99,99,1,0
matched,A2 sensitivity,A2-awgn-c06-0-s1,26,oracle,27.92,6,3.16,6,16.48,2,100,1,0
matched,A2 sensitivity,A2-awgn-c06-0-s1,27,oracle,30.17,6,-1.05,4,11.94,85,101,1,0
matched,A2 sensitivity,A2-awgn-c06-1-s1,0,oracle,30.10,6,17.91,13,30.91,0,100,1,0
matched,A2 sensitivity,A2-awgn-c06-1-s1,1,oracle,27.08,6,10.98,10,24.44,0,99,1,0
matched,A2 sensitivity,A2-awgn-c06-1-s1,2,oracle,25.38,6,19.74,14,33.48,0,97,1,0
matched,A2 sensitivity,A2-awgn-c06-1-s1,3,oracle,26.52,6,9.30,9,22.85,1,101,1,0
matched,A2 sensitivity,A2-awgn-c06-1-s1,4,oracle,27.81,6,7.62,8,20.96,1,97,1,0
matched,A2 sensitivity,A2-awgn-c06-1-s1,5,oracle,28.58,6,7.88,8,21.10,3,100,1,0
matched,A2 sensitivity,A2-awgn-c06-1-s1,6,oracle,25.37,6,17.07,13,30.81,0,99,1,0
matched,A2 sensitivity,A2-awgn-c06-1-s1,7,oracle,30.67,6,13.54,11,26.45,0,101,1,0
matched,A2 sensitivity,A2-awgn-c06-1-s1,8,oracle,26.91,6,7.33,8,20.81,13,99,1,0
matched,A2 sensitivity,A2-awgn-c06-1-s1,9,oracle,25.60,6,16.85,13,30.55,0,100,1,0
matched,A2 sensitivity,A2-awgn-c06-1-s1,10,oracle,27.14,6,11.30,10,24.75,0,97,1,0
matched,A2 sensitivity,A2-awgn-c06-1-s1,11,oracle,26.63,6,7.36,8,20.89,0,99,1,0
matched,A2 sensitivity,A2-awgn-c06-1-s1,12,oracle,31.39,6,13.64,11,26.45,0,101,1,0
matched,A2 sensitivity,A2-awgn-c06-1-s1,13,oracle,28.56,6,9.93,9,23.15,0,100,1,0
matched,A2 sensitivity,A2-awgn-c06-1-s1,14,oracle,29.60,6,13.81,11,26.88,0,97,1,0
matched,A2 sensitivity,A2-awgn-c06-1-s1,15,oracle,25.31,6,17.65,13,31.40,0,100,1,0
matched,A2 sensitivity,A2-awgn-c06-1-s1,16,oracle,27.18,6,18.98,14,32.42,0,99,1,0
matched,A2 sensitivity,A2-awgn-c06-1-s1,17,oracle,27.80,6,15.91,12,29.25,0,98,1,0
matched,A2 sensitivity,A2-awgn-c06-1-s1,18,oracle,30.22,6,18.49,14,31.47,0,100,1,0
matched,A2 sensitivity,A2-awgn-c06-1-s1,19,oracle,31.48,6,14.31,12,27.11,0,101,1,0
matched,A2 sensitivity,A2-awgn-c06-1-s1,20,oracle,26.11,6,11.91,10,25.52,0,101,1,0
matched,A2 sensitivity,A2-awgn-c06-1-s1,21,oracle,27.48,6,9.93,9,23.32,0,100,1,0
matched,A2 sensitivity,A2-awgn-c06-1-s1,22,oracle,27.57,6,14.51,12,27.89,0,101,1,0
matched,A2 sensitivity,A2-awgn-c06-1-s1,23,oracle,28.67,6,11.88,10,25.09,0,99,1,0
matched,A2 sensitivity,A2-awgn-c06-1-s1,24,oracle,26.76,6,13.31,11,26.82,0,101,1,0
matched,A2 sensitivity,A2-awgn-c06-1-s1,25,oracle,29.39,6,8.32,9,21.42,1,100,1,0
matched,A2 sensitivity,A2-awgn-c06-1-s1,26,oracle,26.58,6,15.71,12,29.25,0,102,1,0
matched,A2 sensitivity,A2-awgn-c06-1-s1,27,oracle,29.38,6,19.80,14,32.90,0,99,1,0
matched,A2 sensitivity,A2-awgn-c07-0-s1,0,oracle,32.73,7,-6.37,1,6.26,99,99,1,0
matched,A2 sensitivity,A2-awgn-c07-0-s1,1,oracle,39.95,7,4.00,7,15.77,2,100,1,0
matched,A2 sensitivity,A2-awgn-c07-0-s1,2,oracle,35.84,7,5.37,7,17.61,1,98,1,0
matched,A2 sensitivity,A2-awgn-c07-0-s1,3,oracle,33.31,7,-6.92,1,5.64,100,100,1,0
matched,A2 sensitivity,A2-awgn-c07-0-s1,4,oracle,35.40,7,4.43,7,16.72,5,98,1,0
matched,A2 sensitivity,A2-awgn-c07-0-s1,5,oracle,38.10,7,-5.65,2,6.32,99,100,1,0
matched,A2 sensitivity,A2-awgn-c07-0-s1,6,oracle,38.90,7,-2.25,3,9.63,98,98,1,0
matched,A2 sensitivity,A2-awgn-c07-0-s1,7,oracle,32.65,7,2.68,6,15.32,22,101,1,0
matched,A2 sensitivity,A2-awgn-c07-0-s1,8,oracle,33.04,7,1.18,5,13.77,60,100,1,0
matched,A2 sensitivity,A2-awgn-c07-0-s1,9,oracle,34.43,7,-7.80,1,4.61,99,99,1,0
matched,A2 sensitivity,A2-awgn-c07-0-s1,10,oracle,35.37,7,-0.38,4,11.92,72,100,1,0
matched,A2 sensitivity,A2-awgn-c07-0-s1,11,oracle,37.84,7,0.55,5,12.55,65,100,1,0
matched,A2 sensitivity,A2-awgn-c07-0-s1,12,oracle,36.76,7,-5.25,2,6.88,100,100,1,0
matched,A2 sensitivity,A2-awgn-c07-0-s1,13,oracle,38.44,7,2.94,6,14.87,10,101,1,0
matched,A2 sensitivity,A2-awgn-c07-0-s1,14,oracle,36.29,7,2.14,6,14.32,17,102,1,0
matched,A2 sensitivity,A2-awgn-c07-0-s1,15,oracle,36.39,7,-7.40,1,4.77,99,99,1,0
matched,A2 sensitivity,A2-awgn-c07-0-s1,16,oracle,37.21,7,-0.26,4,11.81,43,101,1,0
matched,A2 sensitivity,A2-awgn-c07-0-s1,17,oracle,34.80,7,-4.69,2,7.68,101,101,1,0
matched,A2 sensitivity,A2-awgn-c07-0-s1,18,oracle,35.45,7,-2.91,3,9.38,86,98,1,0
matched,A2 sensitivity,A2-awgn-c07-0-s1,19,oracle,31.95,7,-3.17,3,9.57,99,99,1,0
matched,A2 sensitivity,A2-awgn-c07-0-s1,20,oracle,36.55,7,-2.61,3,9.54,99,99,1,0
matched,A2 sensitivity,A2-awgn-c07-0-s1,21,oracle,32.64,7,-0.27,4,12.37,94,102,1,0
matched,A2 sensitivity,A2-awgn-c07-0-s1,22,oracle,36.31,7,-5.95,2,6.23,102,102,1,0
matched,A2 sensitivity,A2-awgn-c07-0-s1,23,oracle,33.96,7,2.58,6,15.05,3,102,1,0
matched,A2 sensitivity,A2-awgn-c07-0-s1,24,oracle,39.65,7,4.67,7,16.47,1,100,1,0
matched,A2 sensitivity,A2-awgn-c07-0-s1,25,oracle,37.17,7,0.02,5,12.10,74,100,1,0
matched,A2 sensitivity,A2-awgn-c07-0-s1,26,oracle,38.56,7,-1.00,4,10.92,71,99,1,0
matched,A2 sensitivity,A2-awgn-c07-0-s1,27,oracle,36.26,7,0.41,5,12.60,70,98,1,0
matched,A2 sensitivity,A2-awgn-c07-1-s1,0,oracle,36.37,7,16.69,13,28.86,0,100,1,0
matched,A2 sensitivity,A2-awgn-c07-1-s1,1,oracle,35.23,7,8.25,9,20.56,1,99,1,0
matched,A2 sensitivity,A2-awgn-c07-1-s1,2,oracle,38.98,7,9.67,9,21.54,1,99,1,0
matched,A2 sensitivity,A2-awgn-c07-1-s1,3,oracle,36.42,7,11.90,10,24.07,2,101,1,0
matched,A2 sensitivity,A2-awgn-c07-1-s1,4,oracle,35.12,7,13.16,11,25.49,0,100,1,0
matched,A2 sensitivity,A2-awgn-c07-1-s1,5,oracle,32.78,7,6.50,8,19.13,4,97,1,0
matched,A2 sensitivity,A2-awgn-c07-1-s1,6,oracle,34.14,7,16.80,13,29.25,0,101,1,0
matched,A2 sensitivity,A2-awgn-c07-1-s1,7,oracle,33.65,7,10.25,10,22.76,1,99,1,0
matched,A2 sensitivity,A2-awgn-c07-1-s1,8,oracle,35.33,7,13.59,11,25.89,1,99,1,0
matched,A2 sensitivity,A2-awgn-c07-1-s1,9,oracle,32.88,7,15.90,12,28.51,0,100,1,0
matched,A2 sensitivity,A2-awgn-c07-1-s1,10,oracle,37.59,7,10.77,10,22.80,1,99,1,0
matched,A2 sensitivity,A2-awgn-c07-1-s1,11,oracle,35.24,7,17.00,13,29.31,2,99,1,0
matched,A2 sensitivity,A2-awgn-c07-1-s1,12,oracle,38.97,7,15.17,12,27.04,0,100,1,0
matched,A2 sensitivity,A2-awgn-c07-1-s1,13,oracle,33.54,7,13.36,11,25.89,0,99,1,0
matched,A2 sensitivity,A2-awgn-c07-1-s1,14,oracle,36.50,7,18.30,14,30.46,0,99,1,0
matched,A2 sensitivity,A2-awgn-c07-1-s1,15,oracle,37.62,7,18.53,14,30.56,2,98,1,0
matched,A2 sensitivity,A2-awgn-c07-1-s1,16,oracle,33.31,7,15.78,12,28.34,0,98,1,0
matched,A2 sensitivity,A2-awgn-c07-1-s1,17,oracle,31.97,7,19.53,14,32.26,0,99,1,0
matched,A2 sensitivity,A2-awgn-c07-1-s1,18,oracle,35.93,7,7.92,8,20.15,1,101,1,0
matched,A2 sensitivity,A2-awgn-c07-1-s1,19,oracle,34.56,7,7.41,8,19.81,1,98,1,0
matched,A2 sensitivity,A2-awgn-c07-1-s1,20,oracle,39.14,7,9.28,9,21.14,1,101,1,0
matched,A2 sensitivity,A2-awgn-c07-1-s1,21,oracle,35.70,7,13.46,11,25.71,0,101,1,0
matched,A2 sensitivity,A2-awgn-c07-1-s1,22,oracle,32.74,7,14.83,12,27.46,0,100,1,0
matched,A2 sensitivity,A2-awgn-c07-1-s1,23,oracle,36.27,7,10.64,10,22.83,1,101,1,0
matched,A2 sensitivity,A2-awgn-c07-1-s1,24,oracle,34.49,7,16.27,13,28.67,0,100,1,0
matched,A2 sensitivity,A2-awgn-c07-1-s1,25,oracle,36.33,7,8.50,9,20.68,1,99,1,0
matched,A2 sensitivity,A2-awgn-c07-1-s1,26,oracle,37.86,7,6.94,8,18.94,2,99,1,0
matched,A2 sensitivity,A2-awgn-c07-1-s1,27,oracle,38.51,7,19.70,14,31.63,2,100,1,0
matched,A2 sensitivity,A2-awgn-c08-0-s1,0,oracle,43.77,8,-2.40,3,8.97,86,99,1,0
matched,A2 sensitivity,A2-awgn-c08-0-s1,1,oracle,43.88,8,-0.13,4,11.23,86,99,1,0
matched,A2 sensitivity,A2-awgn-c08-0-s1,2,oracle,48.27,8,-4.83,2,6.11,99,99,1,0
matched,A2 sensitivity,A2-awgn-c08-0-s1,3,oracle,43.53,8,1.01,5,12.40,28,101,1,0
matched,A2 sensitivity,A2-awgn-c08-0-s1,4,oracle,42.38,8,3.60,6,15.11,5,99,1,0
matched,A2 sensitivity,A2-awgn-c08-0-s1,5,oracle,47.18,8,1.64,5,12.68,17,99,1,0
matched,A2 sensitivity,A2-awgn-c08-0-s1,6,oracle,48.03,8,-7.58,1,3.39,100,100,1,0
matched,A2 sensitivity,A2-awgn-c08-0-s1,7,oracle,40.80,8,-0.84,4,10.83,81,98,1,0
matched,A2 sensitivity,A2-awgn-c08-0-s1,8,oracle,46.18,8,-3.31,3,7.83,99,99,1,0
matched,A2 sensitivity,A2-awgn-c08-0-s1,9,oracle,46.18,8,5.66,7,16.80,5,101,1,0
matched,A2 sensitivity,A2-awgn-c08-0-s1,10,oracle,50.36,8,-5.89,2,4.87,99,99,1,0
matched,A2 sensitivity,A2-awgn-c08-0-s1,11,oracle,42.00,8,-2.48,3,9.07,101,101,1,0
matched,A2 sensitivity,A2-awgn-c08-0-s1,12,oracle,46.49,8,0.22,5,11.33,85,101,1,0
matched,A2 sensitivity,A2-awgn-c08-0-s1,13,oracle,43.47,8,5.97,7,17.37,1,99,1,0
matched,A2 sensitivity,A2-awgn-c08-0-s1,14,oracle,45.64,8,-5.44,2,5.75,100,100,1,0
matched,A2 sensitivity,A2-awgn-c08-0-s1,15,oracle,45.24,8,-7.25,1,3.98,101,101,1,0
matched,A2 sensitivity,A2-awgn-c08-0-s1,16,oracle,40.56,8,2.93,6,14.63,5,97,1,0
matched,A2 sensitivity,A2-awgn-c08-0-s1,17,oracle,44.93,8,0.23,5,11.49,85,102,1,0
matched,A2 sensitivity,A2-awgn-c08-0-s1,18,oracle,43.37,8,4.32,7,15.73,3,101,1,0
matched,A2 sensitivity,A2-awgn-c08-0-s1,19,oracle,47.92,8,4.48,7,15.46,1,98,1,0
matched,A2 sensitivity,A2-awgn-c08-0-s1,20,oracle,42.40,8,-7.74,1,3.77,99,99,1,0
matched,A2 sensitivity,A2-awgn-c08-0-s1,21,oracle,44.05,8,2.64,6,13.98,83,100,1,0
matched,A2 sensitivity,A2-awgn-c08-0-s1,22,oracle,44.69,8,-1.40,4,9.88,78,102,1,0
matched,A2 sensitivity,A2-awgn-c08-0-s1,23,oracle,49.41,8,3.51,6,14.35,7,100,1,0
matched,A2 sensitivity,A2-awgn-c08-0-s1,24,oracle,42.26,8,-4.18,2,7.34,98,98,1,0
matched,A2 sensitivity,A2-awgn-c08-0-s1,25,oracle,50.34,8,-0.17,4,10.59,88,97,1,0
matched,A2 sensitivity,A2-awgn-c08-0-s1,26,oracle,47.12,8,-2.02,3,9.03,83,100,1,0
matched,A2 sensitivity,A2-awgn-c08-0-s1,27,oracle,49.55,8,-7.30,1,3.53,98,98,1,0
matched,A2 sensitivity,A2-awgn-c08-1-s1,0,oracle,45.13,8,18.69,14,29.93,2,101,1,0
matched,A2 sensitivity,A2-awgn-c08-1-s1,1,oracle,41.42,8,14.82,12,26.43,2,102,1,0
matched,A2 sensitivity,A2-awgn-c08-1-s1,2,oracle,45.38,8,11.49,10,22.70,3,99,1,0
matched,A2 sensitivity,A2-awgn-c08-1-s1,3,oracle,47.37,8,7.82,8,18.85,3,99,1,0
matched,A2 sensitivity,A2-awgn-c08-1-s1,4,oracle,45.40,8,9.87,9,21.08,2,100,1,0
matched,A2 sensitivity,A2-awgn-c08-1-s1,5,oracle,44.49,8,16.05,13,27.35,2,100,1,0
matched,A2 sensitivity,A2-awgn-c08-1-s1,6,oracle,48.63,8,10.79,10,21.70,1,99,1,0
matched,A2 sensitivity,A2-awgn-c08-1-s1,7,oracle,45.26,8,9.87,9,21.09,1,101,1,0
matched,A2 sensitivity,A2-awgn-c08-1-s1,8,oracle,48.46,8,6.63,8,17.56,2,101,1,0
matched,A2 sensitivity,A2-awgn-c08-1-s1,9,oracle,43.16,8,6.34,8,17.77,3,98,1,0
matched,A2 sensitivity,A2-awgn-c08-1-s1,10,oracle,45.59,8,19.73,14,30.92,1,99,1,0
matched,A2 sensitivity,A2-awgn-c08-1-s1,11,oracle,44.60,8,11.64,10,22.93,1,99,1,0
matched,A2 sensitivity,A2-awgn-c08-1-s1,12,oracle,49.02,8,11.80,10,22.68,1,101,1,0
matched,A2 sensitivity,A2-awgn-c08-1-s1,13,oracle,45.25,8,8.11,9,19.34,1,100,1,0
matched,A2 sensitivity,A2-awgn-c08-1-s1,14,oracle,41.86,8,14.71,12,26.27,0,100,1,0
matched,A2 sensitivity,A2-awgn-c08-1-s1,15,oracle,42.77,8,17.87,13,29.34,1,100,1,0
matched,A2 sensitivity,A2-awgn-c08-1-s1,16,oracle,50.33,8,9.82,9,20.58,2,99,1,0
matched,A2 sensitivity,A2-awgn-c08-1-s1,17,oracle,45.06,8,18.19,14,29.43,2,100,1,0
matched,A2 sensitivity,A2-awgn-c08-1-s1,18,oracle,44.36,8,13.27,11,24.58,7,98,1,0
matched,A2 sensitivity,A2-awgn-c08-1-s1,19,oracle,40.26,8,6.56,8,18.29,2,100,1,0
matched,A2 sensitivity,A2-awgn-c08-1-s1,20,oracle,41.94,8,12.16,11,23.72,1,104,1,0
matched,A2 sensitivity,A2-awgn-c08-1-s1,21,oracle,41.55,8,14.48,12,26.08,2,101,1,0
matched,A2 sensitivity,A2-awgn-c08-1-s1,22,oracle,43.61,8,12.83,11,24.22,1,102,1,0
matched,A2 sensitivity,A2-awgn-c08-1-s1,23,oracle,48.97,8,17.01,13,27.89,1,100,1,0
matched,A2 sensitivity,A2-awgn-c08-1-s1,24,oracle,50.40,8,12.19,11,22.95,1,99,1,0
matched,A2 sensitivity,A2-awgn-c08-1-s1,25,oracle,47.38,8,17.76,13,28.79,2,101,1,0
matched,A2 sensitivity,A2-awgn-c08-1-s1,26,oracle,43.41,8,18.28,14,29.69,1,100,1,0
matched,A2 sensitivity,A2-awgn-c08-1-s1,27,oracle,41.85,8,15.80,12,27.36,1,99,1,0
matched,A2 sensitivity,A2-awgn-c09-0-s1,0,oracle,58.66,9,-3.12,3,6.98,98,98,1,0
matched,A2 sensitivity,A2-awgn-c09-0-s1,1,oracle,53.11,9,-7.57,1,2.96,101,101,1,0
matched,A2 sensitivity,A2-awgn-c09-0-s1,2,oracle,55.59,9,-6.96,1,3.37,101,101,1,0
matched,A2 sensitivity,A2-awgn-c09-0-s1,3,oracle,54.78,9,2.01,6,12.41,38,99,1,0
matched,A2 sensitivity,A2-awgn-c09-0-s1,4,oracle,51.11,9,-0.84,4,9.86,75,100,1,0
matched,A2 sensitivity,A2-awgn-c09-0-s1,5,oracle,59.58,9,-3.28,3,6.75,100,100,1,0
matched,A2 sensitivity,A2-awgn-c09-0-s1,6,oracle,62.06,9,-4.06,2,5.79,100,100,1,0
matched,A2 sensitivity,A2-awgn-c09-0-s1,7,oracle,61.56,9,0.36,5,10.25,49,99,1,0
matched,A2 sensitivity,A2-awgn-c09-0-s1,8,oracle,57.92,9,-3.80,3,6.35,99,99,1,0
matched,A2 sensitivity,A2-awgn-c09-0-s1,9,oracle,58.53,9,4.44,7,14.55,17,100,1,0
matched,A2 sensitivity,A2-awgn-c09-0-s1,10,oracle,58.15,9,-2.03,3,8.11,98,98,1,0
matched,A2 sensitivity,A2-awgn-c09-0-s1,11,oracle,54.45,9,0.35,5,10.77,48,99,1,0
matched,A2 sensitivity,A2-awgn-c09-0-s1,12,oracle,60.15,9,-6.82,1,3.17,100,100,1,0
matched,A2 sensitivity,A2-awgn-c09-0-s1,13,oracle,54.14,9,0.76,5,11.21,82,97,1,0
matched,A2 sensitivity,A2-awgn-c09-0-s1,14,oracle,61.74,9,-1.99,4,7.89,97,97,1,0
matched,A2 sensitivity,A2-awgn-c09-0-s1,15,oracle,57.75,9,-0.19,4,9.98,79,99,1,0
matched,A2 sensitivity,A2-awgn-c09-0-s1,16,oracle,61.26,9,4.56,7,14.47,29,96,1,0
matched,A2 sensitivity,A2-awgn-c09-0-s1,17,oracle,62.56,9,4.01,7,13.83,9,99,1,0
matched,A2 sensitivity,A2-awgn-c09-0-s1,18,oracle,55.71,9,-7.47,1,2.85,99,99,1,0
matched,A2 sensitivity,A2-awgn-c09-0-s1,19,oracle,55.45,9,-5.46,2,4.88,100,100,1,0
matched,A2 sensitivity,A2-awgn-c09-0-s1,20,oracle,50.49,9,-5.53,2,5.22,99,99,1,0
matched,A2 sensitivity,A2-awgn-c09-0-s1,21,oracle,55.46,9,2.47,6,12.81,52,100,1,0
matched,A2 sensitivity,A2-awgn-c09-0-s1,22,oracle,51.91,9,-1.64,4,8.99,85,100,1,0
matched,A2 sensitivity,A2-awgn-c09-0-s1,23,oracle,62.55,9,4.56,7,14.38,21,98,1,0
matched,A2 sensitivity,A2-awgn-c09-0-s1,24,oracle,61.10,9,3.42,6,13.34,78,101,1,0
matched,A2 sensitivity,A2-awgn-c09-0-s1,25,oracle,63.44,9,1.24,5,11.00,58,102,1,0
matched,A2 sensitivity,A2-awgn-c09-0-s1,26,oracle,51.06,9,2.83,6,13.53,8,99,1,0
matched,A2 sensitivity,A2-awgn-c09-0-s1,27,oracle,63.46,9,-5.67,2,4.09,98,98,1,0
matched,A2 sensitivity,A2-awgn-c09-1-s1,0,oracle,53.85,9,11.16,10,21.63,1,100,1,0
matched,A2 sensitivity,A2-awgn-c09-1-s1,1,oracle,58.78,9,12.86,11,22.95,2,99,1,0
matched,A2 sensitivity,A2-awgn-c09-1-s1,2,oracle,51.38,9,16.96,13,27.63,4,103,1,0
matched,A2 sensitivity,A2-awgn-c09-1-s1,3,oracle,58.96,9,14.24,12,24.32,2,99,1,0
matched,A2 sensitivity,A2-awgn-c09-1-s1,4,oracle,63.42,9,12.34,11,22.10,14,101,1,0
matched,A2 sensitivity,A2-awgn-c09-1-s1,5,oracle,62.33,9,18.62,14,28.45,5,100,1,0
matched,A2 sensitivity,A2-awgn-c09-1-s1,6,oracle,59.00,9,13.57,11,23.64,1,98,1,0
matched,A2 sensitivity,A2-awgn-c09-1-s1,7,oracle,51.82,9,16.73,13,27.37,2,99,1,0
matched,A2 sensitivity,A2-awgn-c09-1-s1,8,oracle,58.39,9,15.56,12,25.68,10,98,1,0
matched,A2 sensitivity,A2-awgn-c09-1-s1,9,oracle,50.83,9,16.29,13,27.01,2,102,1,0
matched,A2 sensitivity,A2-awgn-c09-1-s1,10,oracle,55.75,9,8.21,9,18.53,1,100,1,0
matched,A2 sensitivity,A2-awgn-c09-1-s1,11,oracle,50.93,9,9.42,9,20.13,2,100,1,0
matched,A2 sensitivity,A2-awgn-c09-1-s1,12,oracle,61.20,9,18.42,14,28.33,2,102,1,0
matched,A2 sensitivity,A2-awgn-c09-1-s1,13,oracle,54.14,9,14.10,12,24.55,6,102,1,0
matched,A2 sensitivity,A2-awgn-c09-1-s1,14,oracle,61.87,9,11.09,10,20.96,3,100,1,0
matched,A2 sensitivity,A2-awgn-c09-1-s1,15,oracle,52.66,9,6.72,8,17.29,2,101,1,0
matched,A2 sensitivity,A2-awgn-c09-1-s1,16,oracle,56.15,9,8.15,9,18.44,2,96,1,0
matched,A2 sensitivity,A2-awgn-c09-1-s1,17,oracle,57.38,9,6.02,8,16.21,4,98,1,0
matched,A2 sensitivity,A2-awgn-c09-1-s1,18,oracle,53.82,9,19.64,14,30.11,5,99,1,0
matched,A2 sensitivity,A2-awgn-c09-1-s1,19,oracle,52.24,9,7.90,8,18.50,3,100,1,0
matched,A2 sensitivity,A2-awgn-c09-1-s1,20,oracle,52.83,9,8.56,9,19.11,2,100,1,0
matched,A2 sensitivity,A2-awgn-c09-1-s1,21,oracle,55.01,9,10.22,10,20.60,4,100,1,0
matched,A2 sensitivity,A2-awgn-c09-1-s1,22,oracle,58.77,9,12.00,11,22.09,1,99,1,0
matched,A2 sensitivity,A2-awgn-c09-1-s1,23,oracle,62.14,9,10.48,10,20.33,8,99,1,0
matched,A2 sensitivity,A2-awgn-c09-1-s1,24,oracle,61.63,9,14.46,12,24.34,2,99,1,0
matched,A2 sensitivity,A2-awgn-c09-1-s1,25,oracle,54.40,9,16.44,13,26.87,3,101,1,0
matched,A2 sensitivity,A2-awgn-c09-1-s1,26,oracle,55.18,9,19.00,14,29.36,2,100,1,0
matched,A2 sensitivity,A2-awgn-c09-1-s1,27,oracle,58.80,9,6.02,8,16.11,7,98,1,0
matched,A2 sensitivity,A2-awgn-c10-0-s1,0,oracle,67.94,10,-1.72,4,7.74,78,99,1,0
matched,A2 sensitivity,A2-awgn-c10-0-s1,1,oracle,75.99,10,5.34,7,14.31,93,101,1,0
matched,A2 sensitivity,A2-awgn-c10-0-s1,2,oracle,72.94,10,3.04,6,12.19,85,99,1,0
matched,A2 sensitivity,A2-awgn-c10-0-s1,3,oracle,75.13,10,-6.01,1,3.01,99,99,1,0
matched,A2 sensitivity,A2-awgn-c10-0-s1,4,oracle,63.64,10,1.13,5,10.87,56,102,1,0
matched,A2 sensitivity,A2-awgn-c10-0-s1,5,oracle,71.53,10,-4.42,2,4.82,99,99,1,0
matched,A2 sensitivity,A2-awgn-c10-0-s1,6,oracle,67.92,10,-1.20,4,8.26,82,99,1,0
matched,A2 sensitivity,A2-awgn-c10-0-s1,7,oracle,74.78,10,3.52,6,12.56,47,101,1,0
matched,A2 sensitivity,A2-awgn-c10-0-s1,8,oracle,67.19,10,-7.60,1,1.91,99,99,1,0
matched,A2 sensitivity,A2-awgn-c10-0-s1,9,oracle,74.66,10,5.63,7,14.68,65,100,1,0
matched,A2 sensitivity,A2-awgn-c10-0-s1,10,oracle,75.76,10,3.51,6,12.50,89,100,1,0
matched,A2 sensitivity,A2-awgn-c10-0-s1,11,oracle,63.65,10,-1.49,4,8.25,100,100,1,0
matched,A2 sensitivity,A2-awgn-c10-0-s1,12,oracle,70.29,10,-2.04,3,7.27,100,100,1,0
matched,A2 sensitivity,A2-awgn-c10-0-s1,13,oracle,74.01,10,3.10,6,12.19,84,99,1,0
matched,A2 sensitivity,A2-awgn-c10-0-s1,14,oracle,77.64,10,0.94,5,9.82,78,102,1,0
matched,A2 sensitivity,A2-awgn-c10-0-s1,15,oracle,76.10,10,-4.06,2,4.91,100,100,1,0
matched,A2 sensitivity,A2-awgn-c10-0-s1,16,oracle,73.95,10,-4.20,2,4.89,99,99,1,0
matched,A2 sensitivity,A2-awgn-c10-0-s1,17,oracle,68.09,10,0.85,5,10.30,88,99,1,0
matched,A2 sensitivity,A2-awgn-c10-0-s1,18,oracle,77.76,10,5.08,7,13.95,33,102,1,0
matched,A2 sensitivity,A2-awgn-c10-0-s1,19,oracle,68.07,10,5.20,7,14.65,7,100,1,0
matched,A2 sensitivity,A2-awgn-c10-0-s1,20,oracle,77.57,10,-6.60,1,2.28,98,98,1,0
matched,A2 sensitivity,A2-awgn-c10-0-s1,21,oracle,71.04,10,-7.07,1,2.20,100,100,1,0
matched,A2 sensitivity,A2-awgn-c10-0-s1,22,oracle,72.09,10,-2.23,3,6.97,97,97,1,0
matched,A2 sensitivity,A2-awgn-c10-0-s1,23,oracle,67.76,10,0.08,5,9.55,93,101,1,0
matched,A2 sensitivity,A2-awgn-c10-0-s1,24,oracle,66.70,10,-0.87,4,8.67,83,100,1,0
matched,A2 sensitivity,A2-awgn-c10-0-s1,25,oracle,65.45,10,-3.96,3,5.66,100,100,1,0
matched,A2 sensitivity,A2-awgn-c10-0-s1,26,oracle,71.41,10,-2.22,3,7.02,100,100,1,0
matched,A2 sensitivity,A2-awgn-c10-0-s1,27,oracle,63.55,10,-4.50,2,5.25,102,102,1,0
matched,A2 sensitivity,A2-awgn-c10-1-s1,0,oracle,69.97,10,13.61,11,22.94,4,101,1,0
matched,A2 sensitivity,A2-awgn-c10-1-s1,1,oracle,65.03,10,7.85,8,17.50,8,101,1,0
matched,A2 sensitivity,A2-awgn-c10-1-s1,2,oracle,68.92,10,12.91,11,22.31,3,101,1,0
matched,A2 sensitivity,A2-awgn-c10-1-s1,3,oracle,66.88,10,17.71,13,27.24,10,101,1,0
matched,A2 sensitivity,A2-awgn-c10-1-s1,4,oracle,69.03,10,15.57,12,24.96,2,100,1,0
matched,A2 sensitivity,A2-awgn-c10-1-s1,5,oracle,73.41,10,16.10,13,25.22,5,101,1,0
matched,A2 sensitivity,A2-awgn-c10-1-s1,6,oracle,75.08,10,18.04,14,27.07,19,99,1,0
matched,A2 sensitivity,A2-awgn-c10-1-s1,7,oracle,67.81,10,18.67,14,28.14,4,102,1,0
matched,A2 sensitivity,A2-awgn-c10-1-s1,8,oracle,67.71,10,9.33,9,18.80,9,101,1,0
matched,A2 sensitivity,A2-awgn-c10-1-s1,9,oracle,67.99,10,9.29,9,18.75,3,101,1,0
matched,A2 sensitivity,A2-awgn-c10-1-s1,10,oracle,79.45,10,6.25,8,15.03,19,99,1,0
matched,A2 sensitivity,A2-awgn-c10-1-s1,11,oracle,68.41,10,15.32,12,24.75,4,99,1,0
matched,A2 sensitivity,A2-awgn-c10-1-s1,12,oracle,64.73,10,14.79,12,24.46,1,98,1,0
matched,A2 sensitivity,A2-awgn-c10-1-s1,13,oracle,66.37,10,17.83,13,27.39,2,100,1,0
matched,A2 sensitivity,A2-awgn-c10-1-s1,14,oracle,74.92,10,10.70,10,19.74,2,97,1,0
matched,A2 sensitivity,A2-awgn-c10-1-s1,15,oracle,70.69,10,11.27,10,20.56,75,103,1,0
matched,A2 sensitivity,A2-awgn-c10-1-s1,16,oracle,73.13,10,19.38,14,28.52,5,99,1,0
matched,A2 sensitivity,A2-awgn-c10-1-s1,17,oracle,64.20,10,7.07,8,16.78,17,98,1,0
matched,A2 sensitivity,A2-awgn-c10-1-s1,18,oracle,68.35,10,10.12,10,19.55,4,99,1,0
matched,A2 sensitivity,A2-awgn-c10-1-s1,19,oracle,69.71,10,12.05,11,21.40,23,102,1,0
matched,A2 sensitivity,A2-awgn-c10-1-s1,20,oracle,71.47,10,12.48,11,21.72,3,102,1,0
matched,A2 sensitivity,A2-awgn-c10-1-s1,21,oracle,65.94,10,16.74,13,26.33,2,102,1,0
matched,A2 sensitivity,A2-awgn-c10-1-s1,22,oracle,78.89,10,9.35,9,18.16,90,98,1,0
matched,A2 sensitivity,A2-awgn-c10-1-s1,23,oracle,68.02,10,19.66,14,29.12,4,101,1,0
matched,A2 sensitivity,A2-awgn-c10-1-s1,24,oracle,66.79,10,9.66,9,19.19,3,101,1,0
matched,A2 sensitivity,A2-awgn-c10-1-s1,25,oracle,68.90,10,10.12,10,19.52,93,99,1,0
matched,A2 sensitivity,A2-awgn-c10-1-s1,26,oracle,65.72,10,7.13,8,16.73,2,100,1,0
matched,A2 sensitivity,A2-awgn-c10-1-s1,27,oracle,73.96,10,15.54,12,24.63,3,102,1,0
